drug_name,target_gene,mechanism,approval_status,relevance_cardiac,evidence_source,notes
OSMI-1,OGT,Inhibitor (OGT, IC50=2.7µM),Research tool only,Blunts cardiomyocyte hypertrophy; activates p38/ISR; reduces I/R injury when OGT elevated,J Biol Chem 2023 / PMC12661449,Cell-permeable; used in mouse models; PROTAC development ongoing
OSMI-4,OGT,Inhibitor (OGT, nanomolar),Research tool only,Higher potency than OSMI-1; limited in vivo data,ACS JACS 2018 / RSC Advances 2025,PROTAC-based degradation under investigation
Thiamet-G,OGT,Activator (indirect via OGA inhibition),Research tool only,Cardioprotective in I/R injury; enhances O-GlcNAcylation and MG53 stability,Springer ABB 2026 / Circ Res 2021,Orally bioavailable; crosses blood-brain barrier
5S-GlcNHex,OGT,Inhibitor (OGT, substrate analog),Preclinical,Patent for HFpEF treatment; reduces O-GlcNAcylation in endothelial cells,US Patent 20240238243,Specifically targets endothelial OGT in HFpEF
TDZD-8,OGT (downstream),GSK-3beta inhibitor,Research tool,Reversed thinned LV wall and reduced cardiac function in Ogt-Tg TAC mice,Front Endocrinol 2023,Targets downstream of OGT/GSK-3beta/NFAT axis
ISRIB,OGT (downstream),ISR inhibitor (eIF2alpha pathway),Research tool,Delayed HF progression in OGT-deficient mice; rescued Atf4 accumulation,J Biol Chem 2025,Targets integrated stress response downstream of OGT loss
L01,OGT,Inhibitor (OGT, IC50=21.8µM natural product),Preclinical,Low toxicity; validated in cells and zebrafish,Nature Sci Rep 2017,Natural-product derived; structure-based virtual screening hit
Pimobendan,RELA (NF-kB p65),PDE3 inhibitor + calcium sensitizer + NF-kB inhibitor,Approved (veterinary: FDA dogs; human: Japan/Europe),Reduces HF hospitalization in dogs (EPIC trial); suppresses NF-kB in myocarditis models,Eur Cardiol Rev 2023 / J Vet Intern Med 2016,Inodilator; class I recommendation for canine MMVD/DCM
Empagliflozin,RELA / NFE2L2,SGLT2 inhibitor; suppresses NF-kB/NLRP3; activates Nrf2/ARE,Approved (FDA 2014; HF indication 2021),Reduces CV death/HF hospitalization (EMPEROR-Preserved/Reduced); class I for HFrEF; class IIa for HFpEF,Front Cardiovasc Med 2026 / Cardiovasc Diabetol 2019,Dual NF-kB suppression + Nrf2 activation; SGLT2-independent cardiac effects
Dapagliflozin,RELA / NFE2L2,SGLT2 inhibitor; anti-inflammatory; activates Nrf2,Approved (FDA 2014; HF indication 2020),Reduces CV death/HF events (DAPA-HF/DELIVER); class I for HFrEF,FDA label / NEJM 2019/2020,Similar mechanism to empagliflozin
Bortezomib,RELA,Proteasome inhibitor -> NF-kB inhibition (canonical pathway),Approved (FDA 2003, multiple myeloma),CARDIOTOXIC: increases HF risk 4-17%; contradictory effects on MIRI (protective in some models),Springer CV Toxicol 2016 / JACC CardioOncol 2023,NOT recommended for cardiac repurposing due to cardiotoxicity
Carfilzomib,RELA,Irreversible proteasome inhibitor -> NF-kB inhibition,Approved (FDA 2012, multiple myeloma),MORE CARDIOTOXIC than bortezomib: 9-27% hypertension; 4-16% LV dysfunction,Biology 2024 / JACC CardioOncol 2023,NOT recommended for cardiac repurposing
Atorvastatin/Simvastatin,RELA,Statin; inhibits TLR4/NF-kB pathway; downregulates CD44,Approved (FDA, hyperlipidemia),Pleiotropic anti-inflammatory; reduces NF-kB activity in CV disease,ScienceOpen CVIA 2022 / Nature Sig Transduct 2024,High clinical experience; safe; repurposing potential
Coenzyme Q10,RELA,Mitochondrial cofactor; inhibits NF-kB pathway,Approved (supplement),Decreases TNF-alpha/IL-6; antioxidant; studied in HF patients,SciDirect Pharm Res 2025,Commonly used adjunct in HF; good safety profile
Semaglutide/Tirzepatide,RELA,GLP-1 receptor agonist; inhibits NF-kB,Approved (FDA, diabetes/obesity),Improved endothelial function; reduced MACE in HFpEF (STEP-HFpEF),SciDirect Pharm Res 2025,Emerging CV outcomes data; GLP-1 RA class benefit
Bardoxolone methyl (CDDO-Me),NFE2L2 (Nrf2),Nrf2 activator; Keap1 inhibitor,Phase 3 (BEACON terminated; AYAME ongoing Japan; CARDINAL for Alport),BEACON: increased HF hospitalizations (HR 1.83); AYAME: excluding at-risk patients, ongoing; CARDINAL Phase 3,NEJM 2013 / Springer CEN 2020,SAKIGAKE designation in Japan; careful patient selection required
Sulforaphane,NFE2L2 (Nrf2),Nrf2 activator (dietary isothiocyanate),Nutritional supplement (FDA GRAS),Phase 2 trial for HFpEF (CardiacAging NCT05408559); cardioprotective in DOX cardiotoxicity trial (NCT03934905),PMC4637098 / ClinicalTrials.gov,Active ingredient in broccoli sprouts; Avmacol ES formulation used in trials
dh404,NFE2L2 (Nrf2),Synthetic triterpenoid Nrf2 activator,Preclinical,Prevented TAC-induced cardiac remodeling; reduced mortality in mice,PLOS ONE 2012,Analog of bardoxolone; potential for cardiac-specific Nrf2 activation
FICZ,NFE2L2 (Nrf2),AhR ligand -> Nrf2/NQO1 activation,Preclinical,Improved LV remodeling post-TAC; inhibited calcineurin/NFAT pathway,Int J Mol Sci 2022,Endogenous AhR ligand; antioxidant effects
Sinomenine,NFE2L2 (Nrf2),Nrf2/ARE activator (natural alkaloid),Natural compound (clinically used in China for arthritis),Ameliorated cardiac hypertrophy in AngII model via Nrf2/ARE,PMC8810090,Extracted from Sinomenium acutum; human experience for rheumatology
Protosappanin A (PTA),NFE2L2 (Nrf2),Nrf2 activator; anti-oxidative,Preclinical,Reduced cardiomyocyte hypertrophy and fibrosis in TAC mice; inhibited NLRP3 pyroptosis,Front Cardiovasc Med 2026,Effects abolished by Nrf2 inhibitor ML385
Baicalin,NFE2L2 (Nrf2),Nrf2/HO-1 activator (flavonoid from Scutellaria),Natural compound (TCM),Protected against ISO-induced cardiac injury; regulated ferroptosis,BMC Cardiovasc Disord 2024,Effects blocked by Nrf2 inhibitor ML385
AEOL (Mn porphyrin),NFE2L2 (Nrf2),Nrf2 activator; SOD mimetic,Preclinical,Reduced infarct size and cardiac hypertrophy post-MI/R; improved SERCA2a via DWORF,Mol Med 2025,Acute-phase treatment; long-term beneficial remodeling
Tacrolimus,SPP1 (Osteopontin),Calcineurin inhibitor; DGIdb-predicted SPP1 binder,Approved (FDA, immunosuppressant),Molecular docking shows binding to osteopontin (OPN); potential in HCM+PH,J Thorac Dis 2024 / PMC11170365,Network proximity-based drug repurposing candidate
Ponatinib,SPP1 (Osteopontin),Multi-kinase inhibitor; DGIdb SPP1 interaction,Approved (FDA 2012, CML/ALL),Top DGIdb-ranked drug for SPP1 in HCM+PH; favorable molecular docking,J Thorac Dis 2024 / DGIdb rxcui:1364347,Cardiovascular toxicity warning (vascular occlusion, HF); risk/benefit consideration
Bosutinib,SPP1 (Osteopontin),Src/Abl kinase inhibitor; DGIdb SPP1 interaction,Approved (FDA 2012, CML),DGIdb drug for SPP1; ranked highly in network proximity analysis,J Thorac Dis 2024 / DGIdb rxcui:1242999,Better CV safety profile than ponatinib
Dasatinib,SPP1 (Osteopontin),Multi-kinase inhibitor; DGIdb SPP1 interaction,Approved (FDA 2006, CML/ALL),DGIdb drug for SPP1; molecular docking with OPN,J Thorac Dis 2024,Dual Src/BCR-ABL inhibitor; known to cause pulmonary arterial hypertension
Zanubrutinib,SPP1 (Osteopontin),BTK inhibitor; DGIdb SPP1 interaction,Approved (FDA 2019, MCL),DGIdb drug for SPP1; top candidate for HCM+PH,J Thorac Dis 2024,More selective BTK inhibitor; better CV safety vs. ibrutinib
Doxorubicin,SPP1 (Osteopontin),DNA intercalator/topoisomerase II inhibitor; DGIdb SPP1 interaction,Approved (FDA, chemotherapy),DGIdb drug for SPP1; paradoxical: DOX itself causes cardiotoxicity,J Thorac Dis 2024,NOT suitable for cardiac repurposing due to inherent cardiotoxicity
Calcitonin,SPP1 (Osteopontin),Calcitonin receptor agonist; DGIdb SPP1 interaction,Approved (FDA, osteoporosis/Pagets),DGIdb identified drug for SPP1 in Alzheimer/metabolic syndrome study,PLOS ONE 2024,Peptide hormone; limited cardiac data
OPN RNA aptamer,SPP1 (Osteopontin),Osteopontin neutralizing aptamer,Preclinical,Attenuated cardiac remodeling and fibrosis in TAC mice at early and late stages,Cells 2019 / Curr Issues Mol Biol 2022,RNA aptamer; low immunogenicity; effective at very low concentrations
Anti-TREM2-siSPP1 (ARC),SPP1 (Osteopontin),Antibody-siRNA conjugate targeting Spp1 in TREM2+ macrophages,Preclinical,Reduced atrial fibrosis; suppressed inducible AF in mice; 70-90% Spp1 silencing,PubMed 42026339 / bioRxiv 2024,Macrophage subset-specific targeting; innovative immunomodulatory approach
RG7356 (RO5429083),CD44,Anti-CD44 humanized monoclonal antibody,Phase 1 completed,21% disease stabilization in solid tumors; cardiac arrhythmia reduction potential shown in CD44-/- mice,J Biomed Sci 2023 / Oncotarget,CD44 inhibition reduces ventricular arrhythmias in HF models
Bivatuzumab,CD44,Anti-CD44 mAb + radioisotope conjugate,Discontinued (Phase 2),Originally for head/neck cancer; CD44 targeting concept validated,Synapse patsnap,Development halted due to toxicity
SPL-108,CD44,CD44 inhibitor + paclitaxel combination,Phase 1/2 (ovarian cancer),CD44-mediated MDR reversal; 72% clinical benefit rate in platinum-resistant ovarian cancer,Synapse patsnap,Proof of concept for CD44 as druggable target
MTI-101,CD44,CD44-binding cyclic peptide; induces necrosis,Preclinical,Binds CD44 in multiple myeloma; RIP1/RIP3-dependent cell death,Synapse patsnap,No cardiac-specific research yet
Simvastatin,CD44,Statin; downregulates CD44 expression,Approved (FDA, hyperlipidemia),Downregulates CD44 in cancer models; anti-fibrotic potential,Nature Sig Transduct 2024,Dual benefit: NF-kB inhibition + CD44 downregulation
Empagliflozin,NFE2L2 / RELA,SGLT2 inhibitor; Nrf2 activator + NF-kB suppressor,Approved (FDA 2014; HF class I recommendation),Reduces NF-kB/NLRP3; activates Nrf2/ARE; improves cardiac function post-MI,CVD Diabetol 2019 / Nature Sci Rep 2021,Cross-target: benefits both NFE2L2 and RELA pathways simultaneously
Pevonedistat,NFE2L2,NAE inhibitor (investigational),Phase 3 (MDS/CMML),Identified as potential NFE2L2 regulator in diabetic cardiomyopathy; failed molecular docking for EDN1,Front Endocrinol 2022,Limited cardiac-specific data
Curcumin,RELA,Natural NF-kB inhibitor,Supplement (GRAS),Combined with carfilzomib enhanced NF-kB inhibition in MM cells,Cell Commun Signal 2024,Low bioavailability; multiple formulations in development
Protocatechuic aldehyde (PTCD),RELA,NF-kB inhibitor,Preclinical,Inhibited NF-kB; decreased TLR4/AngII expression; reversed LV remodeling,ScienceOpen CVIA 2022,Natural compound; limited human data
Nuanxinkang (NXK),RELA / TLR4,Chinese herbal formula; TLR4/NF-kB pathway inhibitor,Approved (TCM, China),Improved LVEF; reversed myocardial fibrosis in TAC mouse CHF model,Front Pharmacol 2022,Multi-component herbal formula; clinical experience in China
